rating,order_value
1,45.245955734406444
2,48.608781630740395
3,45.35616314199395
4,45.613964879852126
5,49.8266628830874
